"RecordIDS","AverageConsistency","Assets-Consistency","Assets-Values","Company name-Consistency","Company name-Values"
"Forbes_64+SBTI_735","1.0","1.0","{277.28}","1.0","{BMW Group|BMW Group}"
"DBPedia_9507+SBTI_495","1.0",,,"1.0","{Australian Ethical Investment|Australian Ethical Investment}"
"Forbes_48+SBTI_527","1.0","1.0","{839.85}","1.0","{AXA Group|AXA Group}"
"DBPedia_5724+SBTI_23","1.0","1.0","{8.055759872}","1.0","{A1 Telekom Austria Group|A1 Telekom Austria Group}"
"DBPedia_8088+Forbes_612+SBTI_3411","1.0","1.0","{25.55|25.55}","1.0","{Marriott International|Marriott International|Marriott International}"
"DBPedia_1549+SBTI_1993","1.0","1.0","{0.332972034}","1.0","{Frigoglass|FRIGOGLASS}"
"DBPedia_7636+SBTI_3636","1.0",,,"1.0","{Mölnlycke Health Care|Mölnlycke Health Care}"
"Forbes_440+SBTI_3901","0.5","1.0","{38.89}","0.0","{Norfolk Southern|Norfolk Southern Corporation}"
"DBPedia_4603+Forbes_120+SBTI_5445","0.8333333333333333","1.0","{95.12|95.12}","0.6666666666666666","{Thermo Fisher Scientific|Thermo Fisher Scientific|Thermo Fisher Scientific Inc.}"
"DBPedia_2881+Forbes_1212+SBTI_1805","0.5","0.0","{10.071|10.39}","1.0","{Experian|Experian|Experian}"
"Forbes_197+SBTI_5323","1.0","1.0","{124.2}","1.0","{Telefónica|TELEFÓNICA}"
"DBPedia_3547+Forbes_750+SBTI_3935","0.8333333333333333","1.0","{23.18|23.18}","0.6666666666666666","{NRG Energy|NRG Energy|NRG Energy Inc}"
"DBPedia_5381+Forbes_32+SBTI_1164","1.0","1.0","{275.9|275.9}","1.0","{Comcast|Comcast|Comcast}"
"DBPedia_5043+SBTI_1873","1.0",,,"1.0","{Finastra|Finastra}"
"DBPedia_672+Forbes_492+SBTI_4114","0.8333333333333333","1.0","{29.3|29.3}","0.6666666666666666","{Paccar|Paccar|PACCAR Inc}"
"DBPedia_9138+Forbes_907+SBTI_4735","0.5","0.0","{8.94|9.38}","1.0","{Seagate Technology|Seagate Technology|Seagate Technology}"
"DBPedia_6144+Forbes_146+SBTI_2962","0.8333333333333333","1.0","{94.14}","0.6666666666666666","{KDDI|KDDI|KDDI Corporation}"
"DBPedia_6189+SBTI_5246","1.0",,,"1.0","{Takasago International Corporation|Takasago International Corporation}"
"DBPedia_3193+SBTI_6013","1.0","1.0","{7.86759E-4}","1.0","{Workiva|Workiva}"
"DBPedia_7732+Forbes_227","1.0","1.0","{47.07|47.07}","1.0","{3M|3M}"
"DBPedia_5574+SBTI_1142","1.0","1.0","{13.3}","1.0","{Coca-Cola FEMSA|Coca-Cola FEMSA}"
"DBPedia_1562+Forbes_42+SBTI_1311","0.5","0.0","{232.99|240.5}","1.0","{CVS Health|CVS Health|CVS Health}"
"Forbes_1924+SBTI_1442","1.0","1.0","{14.09}","1.0","{Dexus|Dexus}"
"DBPedia_6252+SBTI_3965","1.0",,,"1.0","{O-I Glass|O-I Glass}"
"DBPedia_2335+SBTI_5755","1.0",,,"1.0","{Valmet Automotive|Valmet Automotive}"
"DBPedia_450+Forbes_122+SBTI_163","0.5","0.0","{100.6030208|129.16}","1.0","{Airbus|AIRBUS|Airbus}"
"DBPedia_4631+SBTI_3545","1.0","1.0","{33.9}","1.0","{MGM Resorts International|MGM Resorts International}"
"DBPedia_4494+SBTI_4332","1.0",,,"1.0","{Prysmian Group|Prysmian Group}"
"DBPedia_6577+SBTI_1633","1.0","1.0","{0.973}","1.0","{Elastic NV|Elastic NV}"
"DBPedia_5671+Forbes_1010+SBTI_1612","1.0","1.0","{8.5}","1.0","{Edwards Lifesciences|Edwards Lifesciences|Edwards Lifesciences}"
"DBPedia_2250+Forbes_465+SBTI_803","0.3333333333333333","0.0","{4574.0|39.73}","0.6666666666666666","{Bridgestone|Bridgestone|Bridgestone Corporation}"
"DBPedia_3664+Forbes_1902+SBTI_2178","1.0","1.0","{7.35}","1.0","{Gold Fields|Gold Fields|Gold Fields}"
"DBPedia_4394+SBTI_4537","1.0","1.0","{91.83491072}","1.0","{Robert Bosch GmbH|Robert Bosch GmbH}"
"Forbes_821+SBTI_5988","1.0","1.0","{13.69}","1.0","{Wipro|Wipro}"
"DBPedia_436+SBTI_5540","1.0","1.0","{5.53996E-4}","1.0","{Toto Ltd.|TOTO LTD.}"
"DBPedia_4924+Forbes_1009+SBTI_1572","0.8333333333333333","1.0","{26.63|26.63}","0.6666666666666666","{EBay|eBay|eBay Inc.}"
"DBPedia_3546+Forbes_1504+SBTI_6108","0.3333333333333333","0.0","{6.215|6.22}","0.6666666666666666","{Zebra Technologies|Zebra Technologies|Zebra Technologies Corporation}"
"DBPedia_606+SBTI_5589","1.0",,,"1.0","{Trek Bicycle Corporation|Trek Bicycle Corporation}"
"Forbes_512+SBTI_1206","1.0","1.0","{42.46}","1.0","{Continental|Continental}"
"DBPedia_5474+SBTI_4508","1.0",,,"1.0","{Ricardo PLC|Ricardo PLC}"
"DBPedia_3431+SBTI_4642","1.0",,,"1.0","{Sanden Corporation|SANDEN CORPORATION}"
"DBPedia_4595+Forbes_278+SBTI_3470","0.3333333333333333","0.0","{63.3|63.71}","0.6666666666666666","{McKesson Corporation|McKesson|McKesson Corporation}"
"DBPedia_1001+SBTI_4449","1.0",,,"1.0","{Redrow plc|Redrow plc}"
"DBPedia_10387+SBTI_1305","1.0","1.0","{7.89}","1.0","{Cushman & Wakefield|Cushman & Wakefield}"
"DBPedia_4403+Forbes_601+SBTI_775","0.8333333333333333","1.0","{32.23|32.23}","0.6666666666666666","{Boston Scientific|Boston Scientific|Boston Scientific Corporation}"
"DBPedia_1078+SBTI_2766","1.0",,,"1.0","{ISS A/S|ISS A/S}"
"DBPedia_569+SBTI_35","1.0","1.0","{236.65}","1.0","{AB InBev|AB InBev}"
"DBPedia_7551+Forbes_959+SBTI_351","1.0","1.0","{18.01|18.01}","1.0","{Aptiv|Aptiv|Aptiv}"
"DBPedia_9077+SBTI_2621","1.0",,,"1.0","{IMI plc|IMI plc}"
"DBPedia_220+SBTI_5443","1.0","1.0","{5.1}","1.0","{The Wendy's Company|The Wendy's Company}"
"DBPedia_7296+SBTI_4064","1.0",,,"1.0","{Origin Energy|Origin Energy}"
"DBPedia_4406+Forbes_677+SBTI_4488","0.5","0.0","{23.434|24.96}","1.0","{Republic Services|Republic Services|Republic Services}"
"DBPedia_2391+SBTI_5005","1.0",,,"1.0","{Sparebanken Vest|Sparebanken Vest}"
"Forbes_803+SBTI_5721","0.5","1.0","{20.44}","0.0","{UPM-Kymmene|UPM-Kymmene Corporation}"
"DBPedia_6622+SBTI_3673","1.0","1.0","{40.26}","1.0","{Mowi|Mowi}"
"DBPedia_8636+SBTI_1681","1.0",,,"1.0","{En+ Group|En+ Group}"
"DBPedia_848+Forbes_1444+SBTI_3007","0.3333333333333333","0.0","{11.614|18.46}","0.6666666666666666","{Kimco Realty|Kimco Realty|Kimco Realty Corporation}"
"DBPedia_7392+Forbes_980+SBTI_4495","0.3333333333333333","0.0","{23.246|23.25}","0.6666666666666666","{Restaurant Brands International|Restaurant Brands International|Restaurant Brands International Inc.}"
"Forbes_461+SBTI_5551","0.5","1.0","{64.33}","0.0","{Toyota Industries|Toyota Industries Corporation}"
"DBPedia_2707+Forbes_522+SBTI_1301","1.0","1.0","{23.71|23.71}","1.0","{Cummins|Cummins|Cummins}"
"DBPedia_471+Forbes_371+SBTI_1354","0.5","0.0","{4.0E-9|601.79}","1.0","{Danske Bank|Danske Bank|Danske Bank}"
"DBPedia_4951+SBTI_2257","1.0",,,"1.0","{Groupe SEB|Groupe SEB}"
"DBPedia_170+SBTI_5764","1.0",,,"1.0","{Van Oord|Van Oord}"
"DBPedia_3081+SBTI_862","1.0",,,"1.0","{Buro Happold|Buro Happold}"
"DBPedia_8108+SBTI_5491","1.0",,,"1.0","{TOA Corporation|TOA Corporation}"
"Forbes_152+SBTI_5353","0.5","1.0","{62.13}","0.0","{tesla|Tesla Inc.}"
"DBPedia_9093+SBTI_3522","1.0","1.0","{8.665E-6}","1.0","{Meridian Energy|Meridian Energy}"
"DBPedia_2594+SBTI_3577","1.0",,,"1.0","{Mills & Reeve|Mills & Reeve}"
"DBPedia_2691+SBTI_5475","1.0","1.0","{5.33}","1.0","{Tiffany & Co.|Tiffany & Co.}"
"DBPedia_956+Forbes_1373+SBTI_3791","0.3333333333333333","0.0","{9.36|9.5}","0.6666666666666666","{NetApp|NetApp|NetApp Inc.}"
"DBPedia_8791+SBTI_2406","1.0",,,"1.0","{Helen of Troy Limited|Helen of Troy Limited}"
"DBPedia_346+SBTI_4939","1.0",,,"1.0","{Slaughter and May|Slaughter and May}"
"DBPedia_8799+SBTI_3484","1.0",,,"1.0","{Mediahuis|Mediahuis}"
"DBPedia_8040+SBTI_1908","1.0",,,"1.0","{Flint Group|Flint Group}"
"DBPedia_3762+SBTI_1290","1.0",,,"1.0","{CSL Limited|CSL Limited}"
"DBPedia_2801+Forbes_1987+SBTI_5649","1.0","1.0","{13.0|13.0}","1.0","{Twilio|Twilio|Twilio}"
"Forbes_1772+SBTI_1446","1.0","1.0","{72.32}","1.0","{DGB Financial Group|DGB FINANCIAL GROUP}"
"DBPedia_9829+SBTI_2670","1.0","1.0","{15.47}","1.0","{Ingram Micro|Ingram Micro}"
"DBPedia_10397+SBTI_227","1.0",,,"1.0","{Alma Media|Alma Media}"
"DBPedia_3321+Forbes_889+SBTI_4481","0.3333333333333333","0.0","{2410.0|20.9}","0.6666666666666666","{Renesas Electronics|Renesas Electronics|Renesas Electronics Corporation}"
"Forbes_398+SBTI_1571","1.0","1.0","{34.03}","1.0","{Eaton|Eaton}"
"DBPedia_5388+Forbes_265+SBTI_1416","0.3333333333333333","0.0","{5764.417|61.51}","0.6666666666666666","{Denso|Denso|DENSO Corporation}"
"DBPedia_7582+SBTI_1661","1.0",,,"1.0","{Elsewedy Electric|ELSEWEDY ELECTRIC}"
"DBPedia_4431+SBTI_1211","1.0",,,"1.0","{Convatec|ConvaTec}"
"DBPedia_10036+SBTI_5698","1.0",,,"1.0","{Unite Students|Unite Students}"
"Forbes_1435+SBTI_5939","1.0","1.0","{16.13}","1.0","{Wendel|Wendel}"
"DBPedia_4570+Forbes_223+SBTI_3467","0.3333333333333333","0.0","{53.854|53.85}","0.6666666666666666","{McDonald's|McDonald's|McDonald's Corporation}"
"Forbes_1407+SBTI_4188","1.0","1.0","{15.0}","1.0","{PerkinElmer|PerkinElmer}"
"Forbes_121+SBTI_1271","1.0","1.0","{2358.5}","1.0","{Credit Agricole|Credit Agricole}"
"DBPedia_3+Forbes_211+SBTI_5688","0.3333333333333333","0.0","{63.5|64.05}","0.6666666666666666","{Union Pacific Corporation|Union Pacific|Union Pacific Corporation}"
"DBPedia_3720+SBTI_2584","1.0","1.0","{10.6194688}","1.0","{Icade|Icade}"
"DBPedia_9269+SBTI_4181","1.0",,,"1.0","{Pennon Group|Pennon Group}"
"Forbes_1986+SBTI_5183","1.0","1.0","{1.78}","1.0","{Swedish Match|Swedish Match}"
"DBPedia_1362+SBTI_2101","1.0","1.0","{4.87}","1.0","{Genpact|Genpact}"
"DBPedia_2302+Forbes_1341+SBTI_4710","1.0","1.0","{32.97}","1.0","{Schroders|Schroders|Schroders}"
"DBPedia_7556+Forbes_657+SBTI_3956","0.5","0.0","{20.864|21.25}","1.0","{NXP Semiconductors|NXP Semiconductors|NXP Semiconductors}"
"DBPedia_1988+SBTI_5249","1.0","1.0","{0.004106463}","1.0","{Takeda Pharmaceutical Company|Takeda Pharmaceutical Company}"
"DBPedia_7382+Forbes_1172+SBTI_885","0.5","0.0","{36.4|38.03}","1.0","{Caesars Entertainment|Caesars Entertainment|Caesars Entertainment}"
"DBPedia_995+Forbes_430+SBTI_2625","1.0","1.0","{39.22}","1.0","{Imperial Brands|Imperial Brands|Imperial Brands}"
"DBPedia_8321+SBTI_2620","1.0","1.0","{7.136658944}","1.0","{Imerys|Imerys}"
"DBPedia_6934+Forbes_894+SBTI_1861","0.5","0.0","{7.577413888|28.31}","1.0","{Ferrovial|Ferrovial|Ferrovial}"
"DBPedia_7553+Forbes_818+SBTI_5102","0.5","0.0","{0.017880178|21.64}","1.0","{Stora Enso|Stora Enso|Stora Enso}"
"DBPedia_2898+SBTI_2458","1.0",,,"1.0","{Hilton Food Group|Hilton Food Group}"
"DBPedia_2864+Forbes_365+SBTI_2827","0.3333333333333333","0.0","{3667.0|50.14}","0.6666666666666666","{Japan Tobacco|Japan Tobacco|Japan Tobacco Inc.}"
"DBPedia_8821+SBTI_297","1.0","1.0","{5880.0}","1.0","{Amorepacific Corporation|AMOREPACIFIC CORPORATION}"
"DBPedia_5110+Forbes_839+SBTI_5290","0.3333333333333333","0.0","{21.4|24.42}","0.6666666666666666","{TDK|TDK|TDK Corporation}"
"DBPedia_5278+Forbes_1374","1.0","1.0","{10.44}","1.0","{Wolters Kluwer|Wolters Kluwer}"
"DBPedia_3428+SBTI_5753","1.0",,,"1.0","{Vallourec|VALLOUREC}"
"DBPedia_9345+SBTI_4478","1.0",,,"1.0","{Rémy Cointreau|Rémy Cointreau}"
"Forbes_558+SBTI_6029","1.0","1.0","{34.97}","1.0","{WTW|WTW}"
"DBPedia_7297+SBTI_4788","1.0",,,"1.0","{Shaftesbury plc|Shaftesbury PLC}"
"Forbes_47+SBTI_3789","1.0","1.0","{152.71}","1.0","{Nestlé|Nestlé}"
"DBPedia_3940+SBTI_2481","1.0","1.0","{1.45}","1.0","{HNI Corporation|HNI Corporation}"
"DBPedia_758+SBTI_2180","1.0",,,"1.0","{Golden State Foods|Golden State Foods}"
"DBPedia_4202+SBTI_2614","1.0","1.0","{15.21}","1.0","{Illumina, Inc.|Illumina, Inc.}"
"DBPedia_4938+SBTI_1727","1.0","1.0","{0.003072127}","1.0","{Eramet|ERAMET}"
"DBPedia_324+Forbes_972+SBTI_4945","0.8333333333333333","1.0","{14.77}","0.6666666666666666","{SMC Corporation|SMC|SMC Corporation}"
"Forbes_707+SBTI_4358","1.0","1.0","{37.35}","1.0","{Publicis Groupe|Publicis Groupe}"
"DBPedia_48+Forbes_998+SBTI_1419","0.8333333333333333","1.0","{32.31}","0.6666666666666666","{Dentsu|Dentsu|Dentsu Inc.}"
"DBPedia_2655+Forbes_11+SBTI_238","0.3333333333333333","0.0","{359.3|359.27}","0.6666666666666666","{Alphabet Inc.|Alphabet|Alphabet Inc.}"
"Forbes_1351+SBTI_4952","1.0","1.0","{13.59}","1.0","{Smurfit Kappa Group|Smurfit Kappa Group}"
"DBPedia_9150+SBTI_4434","1.0",,,"1.0","{Recipharm|Recipharm}"
"DBPedia_10660+Forbes_241+SBTI_3795","1.0","1.0","{45.33}","1.0","{Netflix|Netflix|Netflix}"
"Forbes_809+SBTI_2386","1.0","1.0","{11.58}","1.0","{HCL Technologies|HCL Technologies}"
"Forbes_6+SBTI_267","1.0","1.0","{420.55}","1.0","{Amazon|Amazon}"
"DBPedia_4407+Forbes_1199+SBTI_5678","0.5","0.0","{3.300493312|10.45}","1.0","{Umicore|Umicore|Umicore}"
"DBPedia_10503+SBTI_2434","1.0","1.0","{2.122}","1.0","{Hersha Hospitality Trust|Hersha Hospitality Trust}"
"Forbes_1232+SBTI_244","1.0","1.0","{35.15}","1.0","{Alstom|Alstom}"
"DBPedia_1245+SBTI_773","1.0",,,"1.0","{Boston Consulting Group|Boston Consulting Group}"
"DBPedia_2314+SBTI_5888","1.0",,,"1.0","{Votorantim Cimentos|Votorantim Cimentos}"
"DBPedia_4103+Forbes_1134+SBTI_1509","0.3333333333333333","0.0","{10.4|10.5}","0.6666666666666666","{Dover Corporation|Dover|Dover Corporation}"
"DBPedia_7365+Forbes_659+SBTI_760","0.8333333333333333","1.0","{23.64|23.64}","0.6666666666666666","{Booking Holdings|Booking Holdings|Booking Holdings Inc.}"
"DBPedia_9814+SBTI_2610","1.0",,,"1.0","{IKEA|IKEA}"
"DBPedia_1100+SBTI_3075","1.0",,,"1.0","{Kontoor Brands|Kontoor Brands}"
"DBPedia_6008+Forbes_1865+SBTI_2724","0.8333333333333333","1.0","{8.95}","0.6666666666666666","{Inventec|Inventec|Inventec (Chongqing) Corporation}"
"DBPedia_10293+SBTI_5585","1.0",,,"1.0","{Travis Perkins|Travis Perkins}"
"DBPedia_2661+Forbes_20+SBTI_459","0.3333333333333333","0.0","{5.51E-7|551.62}","0.6666666666666666","{AT&T|AT&T|AT&T Inc.}"
"DBPedia_2061+SBTI_2983","1.0",,,"1.0","{Keolis|Keolis}"
"DBPedia_7306+SBTI_3753","1.0","1.0","{67.216}","1.0","{National Grid plc|National Grid PLC}"
"DBPedia_9182+SBTI_5975","1.0","1.0","{4.62}","1.0","{Williams-Sonoma, Inc.|Williams-Sonoma, Inc.}"
"DBPedia_1986+SBTI_2957","1.0","1.0","{5.02}","1.0","{KB Home|KB Home}"
"DBPedia_968+Forbes_183+SBTI_2664","0.5","0.0","{880.83324928|1081.81}","1.0","{ING Group|ING Group|ING Group}"
"DBPedia_8946+SBTI_5345","1.0",,,"1.0","{Tereos|TEREOS}"
"DBPedia_217+SBTI_5442","1.0","1.0","{203.631}","1.0","{The Walt Disney Company|The Walt Disney Company}"
"Forbes_1382+SBTI_5743","1.0","1.0","{85.49}","1.0","{VakifBank|Vakifbank}"
"DBPedia_1167+SBTI_5747","1.0","1.0","{8.9E-8}","1.0","{Vale S.A.|Vale S.A.}"
"DBPedia_7499+Forbes_1027+SBTI_4175","0.8333333333333333","1.0","{24.46}","0.6666666666666666","{Pegatron|Pegatron|Pegatron Corporation}"
"DBPedia_9390+SBTI_2115","1.0",,,"1.0","{Getlink|GETLINK}"
"DBPedia_845+SBTI_3402","1.0","1.0","{1.70099456}","1.0","{Marel|Marel}"
"DBPedia_8545+Forbes_271+SBTI_1987","0.3333333333333333","0.0","{48.02|48.83}","0.6666666666666666","{Freeport-McMoRan|Freeport-McMoRan|Freeport-McMoRan Inc.}"
"DBPedia_3032+Forbes_257+SBTI_2956","0.5","0.0","{508.0|560.38}","1.0","{KB Financial Group|KB Financial Group|KB Financial Group}"
"Forbes_1979+SBTI_3269","1.0","1.0","{4.16}","1.0","{Logitech International|Logitech International}"
"Forbes_1959+SBTI_1833","0.5","1.0","{22.96}","0.0","{Far Eastern New Century|Far Eastern New Century Corporation}"
"DBPedia_2807+SBTI_5656","1.0",,,"1.0","{UBE Corporation|UBE Corporation}"
"DBPedia_4749+Forbes_23+SBTI_5905","0.8333333333333333","1.0","{244.86|244.86}","0.6666666666666666","{Walmart|Walmart|Walmart Inc.}"
"Forbes_407+SBTI_3602","0.5","1.0","{41.12}","0.0","{Mitsubishi Electric|Mitsubishi Electric Corporation}"
"DBPedia_3372+SBTI_1262","1.0",,,"1.0","{Cranswick plc|Cranswick plc}"
"Forbes_1668+SBTI_5651","0.5","1.0","{14.06}","0.0","{Twitter|Twitter Inc}"
"DBPedia_2671+SBTI_5730","1.0","1.0","{3.87}","1.0","{USG Corporation|USG Corporation}"
"Forbes_598+SBTI_1272","1.0","1.0","{829.54}","1.0","{Credit Suisse Group|Credit Suisse Group}"
"DBPedia_2344+Forbes_973","1.0","1.0","{24.7}","1.0","{Sasol|Sasol}"
"DBPedia_5525+SBTI_4280","1.0",,,"1.0","{PostNL|PostNL}"
"DBPedia_3229+SBTI_5034","1.0",,,"1.0","{Springer Nature|Springer Nature}"
"DBPedia_2667+Forbes_370+SBTI_1293","0.3333333333333333","0.0","{38.2|40.45}","0.6666666666666666","{CSX Corporation|CSX|CSX Corporation}"
"DBPedia_6222+Forbes_1265+SBTI_4812","0.3333333333333333","0.0","{1830.0|17.09}","0.6666666666666666","{Sharp Corporation|Sharp|Sharp Corporation}"
"DBPedia_9825+Forbes_302+SBTI_2636","0.5","0.0","{18.439344896|32.45}","1.0","{Inditex|Inditex|Inditex}"
"DBPedia_7607+SBTI_5159","1.0",,,"1.0","{SUSE|SUSE}"
"DBPedia_7401+SBTI_4573","1.0",,,"1.0","{Royal HaskoningDHV|Royal HaskoningDHV}"
"DBPedia_7901+SBTI_3838","1.0","1.0","{40.32}","1.0","{Nike, Inc.|NIKE, Inc.}"
"DBPedia_9887+SBTI_6089","1.0",,,"1.0","{YouGov|YouGov}"
"DBPedia_5771+SBTI_4570","1.0",,,"1.0","{Royal BAM Group|Royal BAM Group}"
"DBPedia_5032+Forbes_592","1.0","1.0","{58.13}","1.0","{Fidelity National Financial|Fidelity National Financial}"
"DBPedia_8857+Forbes_860+SBTI_2708","0.3333333333333333","0.0","{0.013287411|39.66}","0.6666666666666666","{International Flavors & Fragrances|International Flavors & Fragrances|International Flavors & Fragrances Inc.}"
"DBPedia_6439+Forbes_1500+SBTI_770","0.3333333333333333","0.0","{16.029|16.58}","0.6666666666666666","{BorgWarner|BorgWarner|BorgWarner Inc.}"
"DBPedia_546+SBTI_489","1.0",,,"1.0","{AUO Corporation|AUO Corporation}"
"DBPedia_453+Forbes_39+SBTI_738","0.5","0.0","{2443.4176|2995.89}","1.0","{BNP Paribas|BNP Paribas|BNP Paribas}"
"Forbes_504+SBTI_2014","0.5","1.0","{32.36}","0.0","{Fujifilm Holdings|FUJIFILM Holdings Corporation}"
"DBPedia_6391+Forbes_1035","0.5","0.0","{73.402|89.16}","1.0","{Comerica|Comerica}"
"DBPedia_3544+SBTI_4948","1.0","1.0","{9.9}","1.0","{Smithfield Foods|Smithfield Foods}"
"DBPedia_9028+SBTI_1507","1.0",,,"1.0","{Dormakaba|dormakaba}"
"DBPedia_2737+SBTI_119","1.0","1.0","{12.99}","1.0","{AECOM|AECOM}"
"DBPedia_2682+Forbes_331+SBTI_1353","0.5","0.0","{42.62823936|51.65}","1.0","{Danone|Danone|Danone}"
"DBPedia_10364+SBTI_210","1.0",,,"1.0","{ALK-Abelló|ALK-Abelló}"
"DBPedia_1095+SBTI_4008","1.0","1.0","{9.21}","1.0","{Okta, Inc.|Okta, Inc}"
"DBPedia_7544+SBTI_3211","1.0","1.0","{5.9}","1.0","{Levi Strauss & Co.|Levi Strauss & Co.}"
"DBPedia_1065+SBTI_3080","1.0",,,"1.0","{Korian|KORIAN}"
"DBPedia_2090+SBTI_4414","1.0","1.0","{6.143}","1.0","{Ralph Lauren Corporation|Ralph Lauren Corporation}"
"DBPedia_18+Forbes_599+SBTI_4546","0.3333333333333333","0.0","{38.854|44.07}","0.6666666666666666","{Rogers Communications|Rogers Communications|Rogers Communications Inc.}"
"Forbes_1392+SBTI_737","0.5","1.0","{107.92}","0.0","{BNK Financial Group|BNK Financial Group Inc.}"
"DBPedia_2268+Forbes_267+SBTI_3436","1.0","1.0","{37.67|37.67}","1.0","{Mastercard|Mastercard|Mastercard}"
"DBPedia_3928+SBTI_250","1.0","1.0","{6.9543424}","1.0","{Altice Portugal|Altice Portugal}"
"DBPedia_6385+Forbes_525+SBTI_4323","0.5","0.0","{58.49|59.78}","1.0","{Prologis|Prologis|Prologis}"
"DBPedia_5935+SBTI_5262","1.0","1.0","{6.6783}","1.0","{Tapestry, Inc.|Tapestry, Inc.}"
"DBPedia_253+SBTI_3657","1.0",,,"1.0","{Morgan Advanced Materials|Morgan Advanced Materials}"
"DBPedia_5132+SBTI_1470","1.0",,,"1.0","{Diploma plc|Diploma PLC}"
"Forbes_914+SBTI_454","0.5","1.0","{18.22}","0.0","{Asustek Computer|ASUSTEK COMPUTER INC.}"
"DBPedia_8361+Forbes_489+SBTI_4192","1.0","1.0","{38.74}","1.0","{Pernod Ricard|Pernod Ricard|Pernod Ricard}"
"DBPedia_7943+SBTI_484","1.0","1.0","{0.059753}","1.0","{Audley Travel|Audley Travel}"
"DBPedia_3656+SBTI_6137","1.0",,,"1.0","{Ziff Davis|Ziff Davis}"
"DBPedia_841+SBTI_3145","1.0","1.0","{0.272253107}","1.0","{Lakeland Dairies|Lakeland Dairies}"
"Forbes_1603+SBTI_6012","1.0","1.0","{10.5}","1.0","{Workday|Workday}"
"DBPedia_5753+Forbes_274+SBTI_42","0.5","0.0","{1.8695E-5|42.27}","1.0","{ABB|ABB|ABB}"
"DBPedia_936+SBTI_447","1.0",,,"1.0","{Assystem|ASSYSTEM}"
"DBPedia_2836+Forbes_1448+SBTI_5990","0.8333333333333333","1.0","{17.97}","0.6666666666666666","{Wistron|Wistron|Wistron Corporation}"
"DBPedia_3520+Forbes_1021+SBTI_2185","0.5","0.0","{16.1382|13.93}","1.0","{Goodman Group|Goodman Group|Goodman Group}"
"DBPedia_6128+Forbes_215+SBTI_4214","0.5","0.0","{41.29|41.73}","1.0","{Philip Morris International|Philip Morris International|Philip Morris International}"
"DBPedia_4208+SBTI_3747","1.0","1.0","{20.12}","1.0","{Nasdaq, Inc.|Nasdaq, Inc.}"
"DBPedia_2725+SBTI_1303","1.0",,,"1.0","{Currys plc|Currys plc}"
"DBPedia_4791+Forbes_101+SBTI_815","0.8333333333333333","1.0","{186.05}","0.6666666666666666","{British American Tobacco|British American Tobacco|British American Tobacco (BAT)}"
"Forbes_732+SBTI_2643","0.5","1.0","{334.87}","0.0","{Industrial Bank of Korea|Industrial Bank of Korea (IBK)}"
"DBPedia_615+SBTI_3","1.0",,,"1.0","{2 Sisters Food Group|2 Sisters Food Group}"
"DBPedia_10553+Forbes_982+SBTI_2931","0.3333333333333333","0.0","{0.001665616|14.8}","0.6666666666666666","{Kao Corporation|Kao|KAO Corporation}"
"DBPedia_7393+Forbes_22+SBTI_5708","0.5","0.0","{212.206|221.24}","1.0","{UnitedHealth Group|UnitedHealth Group|UnitedHealth Group}"
"Forbes_150+SBTI_5263","0.5","1.0","{53.81}","0.0","{Target|Target Corporation}"
"Forbes_772+SBTI_4923","1.0","1.0","{26.0}","1.0","{SK Telecom|SK Telecom}"
"DBPedia_8164+SBTI_4973","1.0",,,"1.0","{Soitec|Soitec}"
"Forbes_1588+SBTI_1549","1.0","1.0","{19.95}","1.0","{DXC Technology|DXC Technology}"
"DBPedia_8523+Forbes_1522+SBTI_2077","0.3333333333333333","0.0","{0.726|23.24}","0.6666666666666666","{Genivar|Gecina|Gecina}"
"DBPedia_10432+SBTI_1852","1.0","1.0","{7.622}","1.0","{Federal Realty Investment Trust|Federal Realty Investment Trust}"
"DBPedia_2851+Forbes_844+SBTI_5401","1.0","1.0","{10.41|10.41}","1.0","{The Hershey Company|The Hershey Company|The Hershey Company}"
"DBPedia_10+Forbes_1828+SBTI_763","0.0","0.0","{6.03|5.94}","0.0","{Booz Allen Hamilton|Booz Allen Hamilton Holding|Booz Allen Hamilton Holding Corporation}"
"Forbes_1098+SBTI_1359","1.0","1.0","{16.17}","1.0","{Dassault Systemes|Dassault Systemes}"
"DBPedia_9609+SBTI_1527","1.0",,,"1.0","{DS Smith|DS Smith}"
"Forbes_969+SBTI_4984","1.0","1.0","{22.8}","1.0","{Solvay|Solvay}"
"DBPedia_2811+SBTI_571","1.0","1.0","{1.93}","1.0","{Bally's Corporation|Bally's Corporation}"
"DBPedia_5+Forbes_328","0.5","0.0","{33.23047936|42.58}","1.0","{Richemont|Richemont}"
"DBPedia_4038+SBTI_3917","1.0",,,"1.0","{Nortura|Nortura}"
"DBPedia_8684+SBTI_1694","1.0",,,"1.0","{Energia Group|Energia Group}"
"DBPedia_5235+SBTI_4785","1.0",,,"1.0","{Severn Trent|Severn Trent}"
"DBPedia_10549+Forbes_1039+SBTI_2917","1.0","1.0","{19.16}","1.0","{Kakao|Kakao|Kakao}"
"DBPedia_8177+Forbes_1577+SBTI_3813","0.5","0.0","{17.22|16.52}","1.0","{News Corp|News Corp|News Corp}"
"DBPedia_2058+SBTI_3409","1.0",,,"1.0","{Marks & Spencer|Marks & Spencer}"
"DBPedia_1931+SBTI_5276","1.0",,,"1.0","{Taylor Wimpey|Taylor Wimpey}"
"Forbes_1975+SBTI_4757","0.5","1.0","{10.46}","0.0","{Seiko Epson|Seiko Epson Corporation}"
"DBPedia_5904+Forbes_76+SBTI_5402","1.0","1.0","{71.88|71.88}","1.0","{The Home Depot|The Home Depot|The Home Depot}"
"DBPedia_972+SBTI_4066","1.0","1.0","{1.04785024}","1.0","{Orion Corporation|Orion Corporation}"
"Forbes_1489+SBTI_3015","1.0","1.0","{7.26}","1.0","{Kingspan Group PLC|Kingspan Group Plc}"
"DBPedia_4557+Forbes_1536+SBTI_4501","1.0","1.0","{13.14}","1.0","{Rexel|Rexel|Rexel}"
"DBPedia_4402+SBTI_4634","1.0","1.0","{8.165713663}","1.0","{Salzgitter AG|Salzgitter AG}"
"DBPedia_4019+Forbes_627+SBTI_3834","0.8333333333333333","1.0","{22.16}","0.6666666666666666","{Nidec|Nidec|Nidec Corporation}"
"DBPedia_8512+SBTI_1240","1.0",,,"1.0","{Costa Coffee|Costa Coffee}"
"DBPedia_8605+SBTI_2182","1.0",,,"1.0","{Good Energy|Good Energy}"
"DBPedia_144+SBTI_4187","1.0",,,"1.0","{Perfetti Van Melle|Perfetti Van Melle}"
"DBPedia_4345+SBTI_4142","1.0",,,"1.0","{Panzani|PANZANI}"
"Forbes_1592+SBTI_4105","1.0","1.0","{10.02}","1.0","{Owens Corning|Owens Corning}"
"Forbes_1498+SBTI_2457","1.0","1.0","{15.44}","1.0","{Hilton|Hilton}"
"DBPedia_8885+SBTI_4082","1.0","1.0","{5.29}","1.0","{Oshkosh Corporation|Oshkosh Corporation}"
"DBPedia_701+DBPedia_8936+Forbes_555+SBTI_5333","0.25","0.0","{3.06|37.99}","0.5","{Telus|Telus Corporation|TELUS|TELUS Corporation}"
"DBPedia_9235+Forbes_706+SBTI_703","0.3333333333333333","0.0","{23.877|23.88}","0.6666666666666666","{Biogen|Biogen|Biogen Inc.}"
"DBPedia_9295+SBTI_5856","1.0",,,"1.0","{Vistry Group|Vistry Group}"
"DBPedia_2853+Forbes_301+SBTI_1747","0.5","0.0","{49.167200768|67.58}","1.0","{EssilorLuxottica|EssilorLuxottica|EssilorLuxottica}"
"DBPedia_4457+Forbes_149+SBTI_5852","0.5","1.0","{81.93}","0.0","{Visma|Visa|Visa Inc.}"
"DBPedia_8628+Forbes_284+SBTI_4619","0.5","0.0","{48.47364608|58.66}","1.0","{Saint-Gobain|Saint-Gobain|SAINT-GOBAIN}"
"DBPedia_7225+SBTI_6047","1.0","1.0","{6.86}","1.0","{Xylem Inc.|Xylem Inc.}"
"DBPedia_4667+SBTI_2072","1.0",,,"1.0","{GEA Group|GEA Group}"
"DBPedia_5837+SBTI_94","1.0",,,"1.0","{Addleshaw Goddard|Addleshaw Goddard}"
"Forbes_399+SBTI_4920","0.5","1.0","{139.12}","0.0","{SK|SK Inc.}"
"DBPedia_8532+Forbes_1389+SBTI_3680","0.8333333333333333","1.0","{5.51|5.51}","0.6666666666666666","{MSCI|MSCI|MSCI Inc.}"
"DBPedia_500+SBTI_1276","1.0",,,"1.0","{CRH plc|CRH plc}"
"DBPedia_1985+Forbes_1554+SBTI_5229","0.3333333333333333","0.0","{5.70814E-4|15.51}","0.6666666666666666","{Taisei Corporation|Taisei|Taisei Corporation}"
"DBPedia_1556+SBTI_70","1.0","1.0","{183.9}","1.0","{Acer Inc.|Acer Inc.}"
"DBPedia_2429+SBTI_1424","1.0",,,"1.0","{Desigual|Desigual}"
"DBPedia_7204+Forbes_12+SBTI_3554","0.3333333333333333","0.0","{364.8|340.39}","0.6666666666666666","{Microsoft|Microsoft|Microsoft Corporation}"
"DBPedia_9158+SBTI_6045","1.0",,,"1.0","{XP Power|XP Power}"
"Forbes_615+SBTI_1401","1.0","1.0","{73.75}","1.0","{Delta Air Lines|Delta Air Lines}"
"DBPedia_4795+SBTI_206","1.0",,,"1.0","{Algar Telecom|Algar Telecom}"
"DBPedia_3820+SBTI_5510","1.0",,,"1.0","{Tokuyama Corporation|Tokuyama Corporation}"
"DBPedia_98+SBTI_4587","1.0",,,"1.0","{Rubix|Rubix}"
"DBPedia_9957+Forbes_1868+SBTI_4670","0.8333333333333333","1.0","{10.82}","0.6666666666666666","{Saputo Inc.|Saputo|Saputo Inc.}"
"DBPedia_8901+SBTI_2247","1.0","1.0","{32.231497472}","1.0","{Groupe Bruxelles Lambert|Groupe Bruxelles Lambert}"
"DBPedia_698+SBTI_2383","1.0",,,"1.0","{Hays plc|Hays plc}"
"DBPedia_4910+Forbes_1586+SBTI_4129","0.5","0.0","{12.25|10.4}","1.0","{Palo Alto Networks|Palo Alto Networks|Palo Alto Networks}"
"DBPedia_5965+Forbes_609","1.0","1.0","{23.65}","1.0","{Nippon Yusen|Nippon Yusen}"
"DBPedia_2110+SBTI_3548","1.0",,,"1.0","{Michelin|Michelin}"
"Forbes_129+SBTI_2143","1.0","1.0","{107.14}","1.0","{GlaxoSmithKline|GlaxoSmithKline}"
"Forbes_1088+SBTI_3258","0.5","1.0","{12.61}","0.0","{LKQ|LKQ Corporation}"
"DBPedia_1356+Forbes_698+SBTI_4597","0.5","0.0","{15.026|15.03}","1.0","{S&P Global|S&P Global|S&P Global}"
"DBPedia_5855+SBTI_5601","1.0","1.0","{7.1}","1.0","{Trimble Inc.|Trimble Inc}"
"Forbes_1042+SBTI_1405","1.0","1.0","{13.2}","1.0","{Delta Electronics|Delta Electronics}"
"DBPedia_5103+SBTI_3401","0.5","1.0","{3.51}","0.0","{Maple Leaf Foods|Maple Leaf Foods Inc.}"
"Forbes_1340+SBTI_2995","1.0","1.0","{7.73}","1.0","{Keysight Technologies|Keysight Technologies}"
"DBPedia_4130+SBTI_1488","1.0","1.0","{2.54}","1.0","{DocuSign|DocuSign}"
"DBPedia_1102+Forbes_1391+SBTI_3972","0.8333333333333333","1.0","{20.83}","0.6666666666666666","{Obayashi Corporation|Obayashi|Obayashi Corporation}"
"DBPedia_3884+SBTI_5968","1.0",,,"1.0","{Wieland Group|Wieland Group}"
"DBPedia_242+SBTI_2112","1.0","1.0","{8.314198271}","1.0","{Gestamp|Gestamp}"
"DBPedia_7762+SBTI_88","1.0","1.0","{2.989}","1.0","{Acuity Brands|Acuity Brands}"
"Forbes_1726+SBTI_5037","1.0","1.0","{7.26}","1.0","{SQM|SQM}"
"DBPedia_5764+SBTI_801","1.0",,,"1.0","{BRF S.A.|BRF S.A.}"
"Forbes_1434+SBTI_3539","0.5","1.0","{3.33}","0.0","{Mettler-Toledo International|Mettler-Toledo International Inc.}"
"Forbes_1652+SBTI_581","1.0","1.0","{106.19}","1.0","{Banco Comercial Portugues|Banco Comercial Portugues}"
"DBPedia_4393+Forbes_176+SBTI_1395","0.5","0.0","{123.415|92.74}","1.0","{Dell Technologies|Dell Technologies|Dell Technologies}"
"DBPedia_3030+Forbes_596+SBTI_5210","0.3333333333333333","0.0","{17.757|21.43}","0.6666666666666666","{Sysco|Sysco|Sysco Corporation}"
"Forbes_1242+SBTI_386","1.0","1.0","{13.99}","1.0","{Arkema|Arkema}"
"DBPedia_2901+SBTI_1745","1.0",,,"1.0","{Essentra|Essentra}"
"DBPedia_1910+SBTI_426","1.0",,,"1.0","{Ashurst LLP|Ashurst LLP}"
"Forbes_1459+SBTI_1534","1.0","1.0","{10.45}","1.0","{Duke Realty|Duke Realty}"
"DBPedia_3061+SBTI_5204","1.0",,,"1.0","{Syngenta|Syngenta}"
"DBPedia_1372+SBTI_2055","1.0","1.0","{17.191}","1.0","{Gamuda Berhad|Gamuda Berhad}"
"DBPedia_1813+SBTI_4371","1.0",,,"1.0","{PVH Corp.|PVH Corp.}"
"Forbes_1018+SBTI_132","0.5","1.0","{23.15}","0.0","{AGC|AGC Inc.}"
"Forbes_658+SBTI_5948","1.0","1.0","{26.02}","1.0","{Western Digital|Western Digital}"
"DBPedia_2833+SBTI_6026","1.0",,,"1.0","{WS Audiology|WS Audiology}"
"DBPedia_3082+SBTI_2899","1.0",,,"1.0","{Just Group plc|Just Group Plc}"
"DBPedia_9123+SBTI_4036","1.0","1.0","{9.63}","1.0","{Onsemi|onsemi}"
"DBPedia_9882+SBTI_3030","1.0","1.0","{23.62596864}","1.0","{Klépierre|Klépierre}"
"DBPedia_27+Forbes_882+SBTI_4357","0.3333333333333333","0.0","{47.73|49.0}","0.6666666666666666","{Public Service Enterprise Group|Public Service Enterprise Group|Public Service Enterprise Group Inc. (PSEG)}"
"DBPedia_5557+Forbes_69+SBTI_2088","0.5","0.0","{244.718|244.72}","1.0","{General Motors|General Motors|General Motors}"
"DBPedia_9511+Forbes_113+SBTI_814","1.0","1.0","{109.31|109.31}","1.0","{Bristol Myers Squibb|Bristol Myers Squibb|Bristol Myers Squibb}"
"DBPedia_10391+SBTI_302","1.0",,,"1.0","{An Post|An Post}"
"DBPedia_9062+SBTI_2488","1.0","1.0","{5.667}","1.0","{Höganäs AB|Höganäs AB}"
"DBPedia_8866+Forbes_1446+SBTI_1954","1.0","1.0","{5.92|5.92}","1.0","{Fortinet|Fortinet|Fortinet}"
"DBPedia_5579+Forbes_324+SBTI_346","0.5","0.0","{25.83|25.43}","1.0","{Applied Materials|Applied Materials|Applied Materials}"
"DBPedia_8993+Forbes_333+SBTI_3215","1.0","1.0","{43.02}","1.0","{LG Chem|LG Chem|LG Chem}"
"DBPedia_4507+SBTI_913","1.0","1.0","{6.17}","1.0","{Canfor|Canfor}"
"Forbes_1367+SBTI_5231","1.0","1.0","{90.81}","1.0","{Taishin Financial Holdings|Taishin Financial Holdings}"
"DBPedia_8558+SBTI_3814","1.0",,,"1.0","{Nexans|NEXANS}"
"DBPedia_8460+Forbes_216+SBTI_4166","1.0","1.0","{75.8|75.8}","1.0","{PayPal|PayPal|PayPal}"
"DBPedia_6761+Forbes_210+SBTI_293","0.3333333333333333","0.0","{61.17|61.16}","0.6666666666666666","{Amgen|Amgen|Amgen Inc.}"
"DBPedia_4800+SBTI_856","1.0","1.0","{1.6E-8}","1.0","{Bupa|Bupa}"
"Forbes_1044+SBTI_5288","1.0","1.0","{28.72}","1.0","{TD SYNNEX|TD SYNNEX}"
"DBPedia_5559+Forbes_850+SBTI_3652","0.3333333333333333","0.0","{14.7|14.68}","0.6666666666666666","{Moody's Corporation|Moody's|Moody's Corporation}"
"Forbes_633+SBTI_3133","1.0","1.0","{20.39}","1.0","{Labcorp|Labcorp}"
"DBPedia_9643+SBTI_1905","1.0",,,"1.0","{Flexport|Flexport}"
"DBPedia_3102+Forbes_426+SBTI_2994","1.0","1.0","{50.6}","1.0","{Keurig Dr Pepper|Keurig Dr Pepper|Keurig Dr Pepper}"
"DBPedia_3243+SBTI_4453","1.0",,,"1.0","{Refinitiv|Refinitiv}"
"DBPedia_5236+Forbes_447+SBTI_3749","0.5","0.0","{36.3|70.81}","1.0","{Naspers|Naspers|Naspers}"
"DBPedia_6324+SBTI_3820","1.0","1.0","{3.758}","1.0","{Next plc|Next plc}"
"DBPedia_8221+SBTI_3027","1.0","1.0","{2.67}","1.0","{Kiwi Property Group|Kiwi Property Group}"
"DBPedia_3021+SBTI_1785","1.0",,,"1.0","{Everlane|Everlane}"
"DBPedia_10273+SBTI_866","1.0","1.0","{5.452E-6}","1.0","{Buzzi Unicem|Buzzi Unicem}"
"DBPedia_9122+Forbes_757+SBTI_4024","0.5","0.0","{27.647|26.15}","1.0","{Omnicom Group|Omnicom Group|Omnicom Group}"
"DBPedia_1635+SBTI_494","1.0","1.0","{1.401757}","1.0","{Australian Broadcasting Corporation|Australian Broadcasting Corporation}"
"DBPedia_9040+SBTI_3414","1.0",,,"1.0","{Marshalls plc|Marshalls plc}"
"Forbes_1601+SBTI_6150","0.5","1.0","{9.85}","0.0","{ZTO Express (Cayman)|ZTO Express (Cayman) Inc.}"
"DBPedia_3908+SBTI_5383","1.0","1.0","{86.38}","1.0","{The Coca-Cola Company|The Coca-Cola Company}"
"DBPedia_5731+Forbes_798+SBTI_5959","0.3333333333333333","0.0","{20.285|20.28}","0.6666666666666666","{Whirlpool Corporation|Whirlpool|Whirlpool Corporation}"
"DBPedia_1054+SBTI_2583","1.0",,,"1.0","{ICA Gruppen|ICA Gruppen}"
"DBPedia_8360+Forbes_1457+SBTI_5684","0.8333333333333333","1.0","{8.58}","0.6666666666666666","{Unicharm|Unicharm|Unicharm Corporation}"
"Forbes_1147+SBTI_3206","1.0","1.0","{32.27}","1.0","{Leonardo|Leonardo}"
"DBPedia_6571+Forbes_684+SBTI_5455","1.0","1.0","{22.15|22.15}","1.0","{Thomson Reuters|Thomson Reuters|Thomson Reuters}"
"DBPedia_1878+SBTI_5354","1.0",,,"1.0","{Tetra Pak|TETRA PAK}"
"DBPedia_6790+SBTI_6025","1.0",,,"1.0","{WPP plc|WPP Plc}"
"DBPedia_2866+Forbes_1014+SBTI_1832","0.3333333333333333","0.0","{1564.77|14.79}","0.6666666666666666","{FANUC|Fanuc|Fanuc Corporation}"
"DBPedia_861+Forbes_314+SBTI_5188","0.5","0.0","{238.567|175.08}","1.0","{Swiss Re|Swiss Re|Swiss Re}"
"DBPedia_6733+Forbes_538+SBTI_5535","0.3333333333333333","0.0","{3.734E-6|30.76}","0.6666666666666666","{Toshiba|Toshiba|Toshiba Corporation}"
"DBPedia_9955+SBTI_4676","1.0","1.0","{32.53}","1.0","{Saudi Telecom Company|Saudi Telecom Company}"
"DBPedia_4508+Forbes_930+SBTI_5810","0.3333333333333333","0.0","{10.31|13.54}","0.6666666666666666","{VF Corporation|VF|VF Corporation}"
"DBPedia_7179+SBTI_3140","1.0",,,"1.0","{Lactalis|Lactalis}"
"Forbes_676+SBTI_4204","0.5","1.0","{111.75}","0.0","{PG&E|PG&E Corporation}"
"Forbes_530+SBTI_4054","1.0","1.0","{126.6}","1.0","{Orange|ORANGE}"
"Forbes_781+SBTI_448","0.5","1.0","{20.46}","0.0","{Astellas Pharma|Astellas Pharma Inc.}"
"DBPedia_2522+Forbes_1622+SBTI_4953","0.3333333333333333","0.0","{7.54|8.94}","0.6666666666666666","{Snap Inc.|Snap|Snap Inc.}"
"Forbes_1518+SBTI_138","1.0","1.0","{9.61}","1.0","{Agility|Agility}"
"DBPedia_3906+SBTI_1932","1.0","1.0","{257.0}","1.0","{Ford Motor Company|Ford Motor Company}"
"DBPedia_3587+Forbes_584+SBTI_3222","0.5","0.0","{59.09|46.92}","1.0","{Liberty Global|Liberty Global|Liberty Global}"
"DBPedia_6746+Forbes_843+SBTI_983","0.8333333333333333","1.0","{13.2|13.2}","0.6666666666666666","{CDW|CDW|CDW Corporation}"
"DBPedia_1272+SBTI_2487","1.0",,,"1.0","{Hogan Lovells|Hogan Lovells}"
"DBPedia_4418+SBTI_5754","1.0",,,"1.0","{Valmet|Valmet}"
"DBPedia_9913+Forbes_422+SBTI_915","0.3333333333333333","0.0","{4770.0|41.26}","0.6666666666666666","{Canon Inc.|Canon|CANON INC.}"
"DBPedia_3312+SBTI_5839","1.0","1.0","{93.998275072}","1.0","{Vinci SA|VINCI SA}"
"Forbes_1615+SBTI_36","1.0","1.0","{6.94}","1.0","{AB Sagax|AB Sagax}"
"DBPedia_3817+SBTI_858","1.0",,,"1.0","{Bureau Veritas|BUREAU VERITAS}"
"DBPedia_5826+SBTI_851","1.0",,,"1.0","{Bunge Limited|Bunge Limited}"
"Forbes_896+SBTI_3067","0.5","1.0","{11.05}","0.0","{Kone|KONE Corporation}"
"DBPedia_1642+SBTI_178","1.0","1.0","{1.9736E-5}","1.0","{Aker Solutions|Aker Solutions}"
"DBPedia_187+SBTI_2549","1.0",,,"1.0","{Hulamin|Hulamin}"
"DBPedia_9466+SBTI_3344","1.0",,,"1.0","{Maeda Corporation|Maeda Corporation}"
"DBPedia_5165+SBTI_5485","1.0",,,"1.0","{TLT LLP|TLT LLP}"
"DBPedia_4045+Forbes_68+SBTI_3921","0.5","0.0","{131.79|135.88}","1.0","{Novartis|Novartis|Novartis}"
"DBPedia_9665+SBTI_1952","1.0",,,"1.0","{Forterra plc|Forterra PLC}"
"DBPedia_10217+SBTI_3367","1.0",,,"1.0","{Mahle GmbH|MAHLE GmbH}"
"DBPedia_4427+SBTI_3432","1.0",,,"1.0","{Masisa|MASISA}"
"DBPedia_4144+SBTI_399","1.0",,,"1.0","{Artelia|Artelia}"
"Forbes_495+SBTI_1783","0.5","1.0","{22.08}","0.0","{Evergreen Marine Corp. (Taiwan)|Evergreen Marine Corp.}"
"DBPedia_9861+Forbes_611","0.5","0.0","{12.8|23.62}","1.0","{Oneok|Oneok}"
"DBPedia_3186+SBTI_4443","1.0",,,"1.0","{Red Bull GmbH|Red Bull GmbH}"
"DBPedia_1592+Forbes_348+SBTI_611","0.3333333333333333","0.0","{60.15|52.86}","0.6666666666666666","{BCE Inc.|BCE|BCE inc.}"
"DBPedia_849+Forbes_506+SBTI_3146","0.3333333333333333","0.0","{17.2|16.59}","0.6666666666666666","{Lam Research|Lam Research|Lam Research Corporation}"
"DBPedia_2273+SBTI_900","1.0","1.0","{12.372}","1.0","{Campbell Soup Company|Campbell Soup Company}"
"DBPedia_1004+SBTI_4771","1.0",,,"1.0","{Senior plc|Senior Plc}"
"DBPedia_4789+Forbes_1781+SBTI_118","0.8333333333333333","1.0","{4.01}","0.6666666666666666","{Advantest|Advantest|Advantest Corporation}"
"DBPedia_5331+SBTI_2618","1.0",,,"1.0","{Imagination Technologies|Imagination Technologies}"
"DBPedia_666+Forbes_619+SBTI_3914","0.5","0.0","{183.0|183.89}","1.0","{Northern Trust|Northern Trust|Northern Trust}"
"DBPedia_1682+Forbes_316+SBTI_1135","1.0","1.0","{525.34}","1.0","{CNP Assurances|CNP Assurances|CNP Assurances}"
"Forbes_929+SBTI_5704","0.5","1.0","{16.79}","0.0","{United Microelectronics|United Microelectronics Corporation}"
"DBPedia_9748+Forbes_329+SBTI_2986","0.5","0.0","{25.513038848|35.33}","1.0","{Kering|Kering|Kering}"
"DBPedia_468+Forbes_1029","0.5","0.0","{36.0|24.88}","1.0","{American Financial Group|American Financial Group}"
"DBPedia_9709+SBTI_5322","1.0",,,"1.0","{Teleflex|Teleflex}"
"Forbes_1886+SBTI_599","1.0","1.0","{8.1}","1.0","{Barry Callebaut|Barry Callebaut}"
"DBPedia_3336+SBTI_4492","1.0","1.0","{3.73}","1.0","{Resolute Forest Products|Resolute Forest Products}"
"Forbes_1070+SBTI_4419","1.0","1.0","{12.76}","1.0","{Randstad N.V.|Randstad N.V.}"
"DBPedia_9789+SBTI_4431","1.0",,,"1.0","{Real Chemistry|Real Chemistry}"
"DBPedia_10228+SBTI_5061","1.0",,,"1.0","{Staples Inc.|Staples Inc.}"
"DBPedia_10015+Forbes_965+SBTI_2515","0.3333333333333333","0.0","{8.1|12.83}","0.6666666666666666","{Hormel Foods|Hormel Foods|Hormel Foods Corporation}"
"Forbes_610+SBTI_5058","1.0","1.0","{28.18}","1.0","{Stanley Black & Decker|Stanley Black & Decker}"
"DBPedia_9584+Forbes_1764+SBTI_173","0.3333333333333333","0.0","{8.138|8.14}","0.6666666666666666","{Akamai Technologies|Akamai Technologies|Akamai Technologies INC}"
"DBPedia_3163+Forbes_1747+SBTI_6031","0.3333333333333333","0.0","{94.313357636|6.91}","0.6666666666666666","{WuXi Biologics|WuXi Biologics|WuXi Biologics (Cayman) Inc.}"
"Forbes_40+SBTI_2872","1.0","1.0","{182.02}","1.0","{Johnson & Johnson|Johnson & Johnson}"
"DBPedia_7904+SBTI_5387","1.0","1.0","{0.1728}","1.0","{The Economist Group|The Economist Group}"
"DBPedia_7752+Forbes_67+SBTI_44","1.0","1.0","{146.53|146.53}","1.0","{AbbVie|AbbVie|AbbVie}"
"DBPedia_8342+SBTI_2566","1.0","1.0","{13.0}","1.0","{Hyatt|Hyatt}"
"DBPedia_4779+SBTI_1074","1.0","1.0","{4.760905216}","1.0","{CIE Automotive|CIE Automotive}"
"Forbes_1380+SBTI_6034","1.0","1.0","{16.21}","1.0","{X5 Retail Group|X5 Retail Group}"
"DBPedia_1577+Forbes_1169+SBTI_5937","0.8333333333333333","1.0","{34.91|34.91}","0.6666666666666666","{Welltower|Welltower|Welltower Inc.}"
"DBPedia_867+SBTI_5635","1.0",,,"1.0","{TUI Group|TUI Group}"
"Forbes_1065+SBTI_5660","1.0","1.0","{16.16}","1.0","{UCB|UCB}"
"DBPedia_4263+SBTI_3112","1.0",,,"1.0","{Kyndryl|Kyndryl}"
"DBPedia_6218+SBTI_4457","1.0","1.0","{10.28}","1.0","{Regal Rexnord Corporation|Regal Rexnord Corporation}"
"DBPedia_5939+Forbes_462+SBTI_452","0.5","0.0","{105.363|105.36}","1.0","{AstraZeneca|AstraZeneca|AstraZeneca}"
"DBPedia_10187+SBTI_3234","1.0","1.0","{8.8E-8}","1.0","{Linde plc|Linde plc}"
"Forbes_1449+SBTI_4778","0.5","1.0","{10.8}","0.0","{ServiceNow|ServiceNow Inc.}"
"DBPedia_356+Forbes_873+SBTI_6149","0.3333333333333333","0.0","{1032.655975448|26.64}","0.6666666666666666","{ZTE|ZTE|ZTE Corporation}"
"DBPedia_4439+SBTI_1245","1.0",,,"1.0","{Coty Inc.|Coty Inc.}"
"DBPedia_5585+Forbes_222+SBTI_3642","0.8333333333333333","1.0","{67.09|67.09}","0.6666666666666666","{Mondelez International|Mondelez International|Mondelez International Inc}"
"Forbes_1308+SBTI_5582","1.0","1.0","{28.09}","1.0","{Transurban Group|Transurban Group}"
"DBPedia_5105+Forbes_202+SBTI_3123","0.5","0.0","{41.17158656|48.92}","1.0","{L'Oréal|L'Oréal|L'Oréal}"
"DBPedia_3960+SBTI_1923","1.0",,,"1.0","{Fnac Darty|Fnac Darty}"
"DBPedia_9387+Forbes_432+SBTI_2087","0.3333333333333333","0.0","{31.37|31.14}","0.6666666666666666","{General Mills|General Mills|General Mills Inc.}"
"DBPedia_5114+Forbes_567+SBTI_3006","0.3333333333333333","0.0","{17.523|18.67}","0.6666666666666666","{Kimberly-Clark|Kimberly-Clark|Kimberly-Clark Corporation}"
"DBPedia_9291+Forbes_1460+SBTI_5748","1.0","1.0","{21.42}","1.0","{Valeo|Valeo|Valeo}"
"DBPedia_3947+SBTI_5305","1.0",,,"1.0","{Ted Baker|Ted Baker}"
"DBPedia_481+SBTI_5986","1.0",,,"1.0","{Winnebago Industries|Winnebago Industries}"
"DBPedia_8139+SBTI_3159","1.0",,,"1.0","{Landsec|Landsec}"
"Forbes_799+SBTI_4872","1.0","1.0","{51.25}","1.0","{Siemens Energy|Siemens Energy}"
"DBPedia_125+SBTI_618","1.0",,,"1.0","{BearingPoint|BearingPoint}"
"DBPedia_3963+SBTI_4120","1.0",,,"1.0","{PageGroup|PageGroup}"
"DBPedia_4579+SBTI_5423","1.0","1.0","{6.323}","1.0","{The ODP Corporation|The ODP Corporation}"
"Forbes_586+SBTI_5043","1.0","1.0","{31.56}","1.0","{SSE|SSE}"
"DBPedia_2938+SBTI_488","1.0",,,"1.0","{August Faller GmbH & Co. KG|August Faller GmbH & CO. KG}"
"DBPedia_806+Forbes_597+SBTI_5332","0.5","0.0","{42.1|31.16}","1.0","{Telstra|Telstra|Telstra}"
"DBPedia_3145+Forbes_1542+SBTI_2666","0.3333333333333333","0.0","{15.154|15.15}","0.6666666666666666","{Ingersoll Rand|Ingersoll Rand|Ingersoll Rand Inc.}"
"DBPedia_1393+SBTI_1644","1.0",,,"1.0","{Elementis|Elementis}"
"DBPedia_17+Forbes_509+SBTI_957","0.3333333333333333","0.0","{25.09|26.17}","0.6666666666666666","{Carrier Global|Carrier Global|Carrier Global Corporation}"
"Forbes_153+SBTI_1385","1.0","1.0","{79.61}","1.0","{Deere & Company|Deere & Company}"
"DBPedia_7571+Forbes_792+SBTI_1622","1.0","1.0","{38.41}","1.0","{Eiffage|Eiffage|Eiffage}"
"DBPedia_8964+SBTI_1016","1.0",,,"1.0","{Chanel|CHANEL}"
"Forbes_716+SBTI_4390","0.5","1.0","{25.94}","0.0","{Quanta Computer|Quanta Computer Inc.}"
"Forbes_483+SBTI_2338","1.0","1.0","{422.67}","1.0","{Hana Financial Group|Hana Financial Group}"
"DBPedia_7096+SBTI_3320","1.0","1.0","{117.764270336}","1.0","{LVMH|LVMH}"
"DBPedia_1186+SBTI_1420","1.0",,,"1.0","{Dentsu International|Dentsu International}"
"DBPedia_3604+SBTI_3268","1.0",,,"1.0","{Logista|Logista}"
"Forbes_1327+SBTI_5329","1.0","1.0","{9.45}","1.0","{Teleperformance|Teleperformance}"
"Forbes_505+SBTI_2722","1.0","1.0","{26.3}","1.0","{Intuit|Intuit}"
"DBPedia_5459+SBTI_1418","1.0",,,"1.0","{Dentons|Dentons}"
"DBPedia_1573+Forbes_536","0.5","0.0","{0.002614681|67.03}","1.0","{CRRC|CRRC}"
"DBPedia_1571+SBTI_1345","1.0","1.0","{7.2}","1.0","{Dana Incorporated|Dana Incorporated}"
"DBPedia_9441+SBTI_3245","1.0","1.0","{2.60939E-4}","1.0","{Lion Corporation|Lion Corporation}"
"DBPedia_896+Forbes_1170+SBTI_2916","0.8333333333333333","1.0","{19.62}","0.6666666666666666","{Kajima|Kajima|Kajima Corporation}"
"DBPedia_4983+SBTI_5334","1.0",,,"1.0","{Temenos AG|Temenos AG}"
"DBPedia_636+SBTI_160","1.0","1.0","{0.719}","1.0","{Air New Zealand|Air New Zealand}"
"DBPedia_6507+SBTI_4717","1.0",,,"1.0","{Schwarz Gruppe|Schwarz Gruppe}"
"DBPedia_103+SBTI_5846","1.0",,,"1.0","{Virgin Media Ireland|Virgin Media Ireland}"
"DBPedia_3726+SBTI_5474","1.0","1.0","{3.386952704}","1.0","{Tietoevry|TietoEVRY}"
"DBPedia_5450+SBTI_5710","1.0",,,"1.0","{Univar Solutions|Univar Solutions}"
"DBPedia_9653+Forbes_1925+SBTI_4125","0.3333333333333333","0.0","{3.247|3.25}","0.6666666666666666","{Palantir Technologies|Palantir Technologies|Palantir Technologies Inc.}"
"DBPedia_4040+SBTI_5355","1.0",,,"1.0","{Tetra Tech|Tetra Tech}"
"DBPedia_3425+SBTI_4483","1.0",,,"1.0","{Renewi|Renewi}"
"DBPedia_7047+SBTI_5330","1.0",,,"1.0","{Telia Company|Telia Company}"
"DBPedia_2290+SBTI_1158","1.0","1.0","{2.261101056}","1.0","{Colruyt Group|Colruyt Group}"
"DBPedia_5909+Forbes_1727+SBTI_1922","0.8333333333333333","1.0","{10.58|10.58}","0.6666666666666666","{FMC Corporation|FMC|FMC Corporation}"
"DBPedia_2251+SBTI_4377","1.0","1.0","{1.756E-6}","1.0","{Qinetiq|Qinetiq}"
"DBPedia_709+SBTI_1883","1.0","1.0","{10.0}","1.0","{First Capital REIT|First Capital REIT}"
"DBPedia_1946+DBPedia_7917+Forbes_1557+SBTI_476","0.25","0.0","{3.36|2.76}","0.5","{Atlassian|Atresmedia|Atlassian|Atresmedia}"
"Forbes_1954+SBTI_2425","1.0","1.0","{16.22}","1.0","{Hera|Hera}"
"DBPedia_8347+SBTI_1425","1.0","1.0","{397.09}","1.0","{Desjardins Group|Desjardins Group}"
"DBPedia_10208+Forbes_731+SBTI_4897","0.5","0.0","{34.786|33.78}","1.0","{Simon Property Group|Simon Property Group|Simon Property Group}"
"DBPedia_451+SBTI_2765","1.0","1.0","{1036.0}","1.0","{Íslandsbanki|Íslandsbanki}"
"DBPedia_9448+SBTI_3199","1.0",,,"1.0","{Lendlease|Lendlease}"
"DBPedia_9171+SBTI_4857","1.0",,,"1.0","{Sia Partners|Sia Partners}"
"DBPedia_3120+SBTI_2928","0.0",,,"0.0","{Kansas City Southern (company)|Kansas City Southern}"
"DBPedia_1340+SBTI_3342","1.0","1.0","{19.194}","1.0","{Macy's, Inc.|Macy's, Inc.}"
"DBPedia_6180+SBTI_5565","1.0",,,"1.0","{Trace3|Trace3}"
"DBPedia_3303+Forbes_43+SBTI_4203","0.8333333333333333","1.0","{181.48|181.48}","0.6666666666666666","{Pfizer|Pfizer|Pfizer Inc.}"
"DBPedia_7799+SBTI_5671","1.0",,,"1.0","{UKG|UKG}"
"DBPedia_8030+Forbes_308+SBTI_5352","0.5","0.0","{10.807|66.22}","1.0","{Tesco|Tesco|Tesco}"
"DBPedia_4440+SBTI_4370","1.0",,,"1.0","{Purolator Inc.|Purolator Inc.}"
"DBPedia_6287+SBTI_4074","1.0",,,"1.0","{Orthex|Orthex}"
"DBPedia_2089+SBTI_3508","1.0","1.0","{10.1}","1.0","{Mercado Libre|Mercado Libre}"
"Forbes_10+SBTI_5553","0.5","1.0","{552.46}","0.0","{Toyota Motor|Toyota Motor Corporation}"
"DBPedia_8517+Forbes_1938+SBTI_2058","0.3333333333333333","0.0","{13.769|12.76}","0.6666666666666666","{Gap Inc.|Gap|Gap Inc.}"
"Forbes_279+SBTI_4830","1.0","1.0","{545.24}","1.0","{Shinhan Financial Group|Shinhan Financial Group}"
"Forbes_933+SBTI_5802","1.0","1.0","{22.42}","1.0","{Vestas Wind Systems|Vestas Wind Systems}"
"DBPedia_8945+Forbes_1467+SBTI_1251","1.0","1.0","{32.19}","1.0","{Covivio|Covivio|Covivio}"
"Forbes_595+SBTI_6009","1.0","1.0","{376.18}","1.0","{Woori Financial Group|Woori Financial Group}"
"Forbes_1848+SBTI_260","1.0","1.0","{12.89}","1.0","{Amadeus IT Group|Amadeus IT Group}"
"DBPedia_1926+SBTI_1864","1.0",,,"1.0","{Fever-Tree|Fever-Tree}"
"Forbes_887+SBTI_1008","1.0","1.0","{54.13}","1.0","{CEZ Group|CEZ Group}"
"DBPedia_9591+SBTI_213","1.0",,,"1.0","{Allbirds|Allbirds}"
"Forbes_741+SBTI_3773","0.5","1.0","{30.64}","0.0","{NEC|NEC Corporation}"
"DBPedia_5591+SBTI_3950","1.0",,,"1.0","{Nutreco|Nutreco}"
"DBPedia_7866+SBTI_563","1.0",,,"1.0","{Baker McKenzie|Baker McKenzie}"
"DBPedia_8001+SBTI_2721","1.0",,,"1.0","{Intrepid Travel|Intrepid Travel}"
"DBPedia_903+SBTI_4980","1.0",,,"1.0","{Solera Holdings|Solera Holdings}"
"DBPedia_4009+Forbes_435+SBTI_5392","1.0","1.0","{22.08}","1.0","{The Estée Lauder Companies|The Estée Lauder Companies|The Estée Lauder Companies}"
"DBPedia_8920+SBTI_2773","1.0",,,"1.0","{Itochu Techno-Solutions|Itochu Techno-Solutions}"
"DBPedia_6277+SBTI_3509","1.0",,,"1.0","{Mercadona|Mercadona}"
"DBPedia_4229+SBTI_3760","1.0",,,"1.0","{Natura & Co|Natura & Co}"
"DBPedia_6829+SBTI_875","1.0",,,"1.0","{C&A|C&A}"
"DBPedia_530+SBTI_559","1.0",,,"1.0","{Bain & Company|Bain & Company}"
"DBPedia_5395+DBPedia_8422+Forbes_1992+SBTI_3439","0.375","0.0","{2.976|5.06}","0.75","{Match Group|Max Group|Match Group|Match Group}"
"Forbes_826+SBTI_5048","1.0","1.0","{210.82}","1.0","{St. James's Place|St. James's Place}"
"Forbes_185+SBTI_2506","0.5","1.0","{64.47}","0.0","{Honeywell International|Honeywell International Inc.}"
"DBPedia_4767+SBTI_820","1.0","1.0","{8.142}","1.0","{Brixmor Property Group|Brixmor Property Group}"
"Forbes_1796+SBTI_3178","0.5","1.0","{13.35}","0.0","{Lear|Lear Corporation}"
"DBPedia_7639+SBTI_2197","1.0",,,"1.0","{Grant Thornton LLP|Grant Thornton LLP}"
"DBPedia_856+SBTI_1462","1.0","1.0","{23.068}","1.0","{Digital Realty|Digital Realty}"
"DBPedia_1638+SBTI_5250","1.0","1.0","{50.0}","1.0","{Takenaka Corporation|TAKENAKA CORPORATION}"
"DBPedia_1344+Forbes_697+SBTI_4612","0.5","0.0","{38.17370112|47.44}","1.0","{Safran|Safran|Safran}"
"DBPedia_3440+Forbes_1700+SBTI_4490","0.8333333333333333","1.0","{4.74}","0.6666666666666666","{ResMed|ResMed|ResMed Inc}"
"Forbes_1214+SBTI_1719","1.0","1.0","{4.43}","1.0","{EQT AB|EQT AB}"
"DBPedia_3983+SBTI_5407","1.0",,,"1.0","{The J.M. Smucker Company|The J.M. Smucker Company}"
"DBPedia_9840+Forbes_667+SBTI_3114","0.8333333333333333","1.0","{31.04}","0.6666666666666666","{Kyocera|Kyocera|KYOCERA Corporation}"
"DBPedia_3736+Forbes_391+SBTI_286","0.3333333333333333","0.0","{69.887|69.89}","0.6666666666666666","{American Tower|American Tower|American Tower Corporation}"
"DBPedia_3053+SBTI_3413","1.0","1.0","{34.4}","1.0","{Marsh McLennan|Marsh McLennan}"
"DBPedia_651+Forbes_691+SBTI_1582","0.5","0.0","{20.869|21.21}","1.0","{Ecolab|Ecolab|Ecolab}"
"Forbes_574+SBTI_415","1.0","1.0","{39.49}","1.0","{Asahi Group Holdings|Asahi Group Holdings}"
"DBPedia_245+Forbes_1712+SBTI_356","0.5","0.0","{1.0E-8|14.47}","1.0","{Aramark|Aramark|Aramark}"
"DBPedia_2701+Forbes_300+SBTI_289","0.3333333333333333","0.0","{57.34|57.58}","0.6666666666666666","{AmerisourceBergen|AmerisourceBergen|AmerisourceBergen Corporation}"
"DBPedia_7214+SBTI_5006","1.0","1.0","{3.207}","1.0","{Spark New Zealand|Spark New Zealand}"
"Forbes_130+SBTI_2719","1.0","1.0","{1215.67}","1.0","{Intesa Sanpaolo|Intesa Sanpaolo}"
"DBPedia_8536+Forbes_572","0.5","0.0","{160.518|192.1}","1.0","{Citizens Financial Group|Citizens Financial Group}"
"DBPedia_2850+Forbes_259+SBTI_2526","0.3333333333333333","0.0","{38.59|38.91}","0.6666666666666666","{HP Inc.|HP|HP Inc}"
"Forbes_1130+SBTI_2681","0.5","1.0","{16.9}","0.0","{Innolux|Innolux Corporation}"
"Forbes_548+SBTI_3347","1.0","1.0","{29.09}","1.0","{Magna International|Magna International}"
"DBPedia_480+Forbes_1853+SBTI_1257","1.0","1.0","{11.87}","1.0","{CPFL Energia|CPFL Energia|CPFL Energia}"
"DBPedia_9090+SBTI_2704","1.0",,,"1.0","{Intermediate Capital Group|Intermediate Capital Group}"
"DBPedia_8380+Forbes_927+SBTI_5814","0.8333333333333333","1.0","{54.84|54.84}","0.6666666666666666","{Viatris|Viatris|Viatris Inc.}"
"DBPedia_4373+SBTI_5903","1.0",,,"1.0","{Wallenius Wilhelmsen|Wallenius Wilhelmsen}"
"Forbes_1399+SBTI_1766","1.0","1.0","{165.88}","1.0","{Euronext|Euronext}"
"DBPedia_7406+SBTI_4485","1.0",,,"1.0","{Renishaw plc|Renishaw plc}"
"DBPedia_10189+SBTI_3202","1.0","1.0","{2.346E-6}","1.0","{Lenzing AG|Lenzing AG}"
"DBPedia_1927+SBTI_3900","1.0",,,"1.0","{Nordzucker|Nordzucker}"
"DBPedia_10360+SBTI_140","1.0",,,"1.0","{Agrial|Agrial}"
"Forbes_401+SBTI_2832","1.0","1.0","{37.18}","1.0","{JBS|JBS}"
"Forbes_1410+SBTI_2992","0.5","1.0","{7.92}","0.0","{Kesko|Kesko Corporation}"
"Forbes_749+SBTI_1943","0.5","1.0","{19.65}","0.0","{Formosa Plastics|Formosa Plastics Corporation (FPC)}"
"DBPedia_3735+SBTI_263","1.0","1.0","{6.6}","1.0","{Amalgamated Bank|Amalgamated Bank}"
"Forbes_473+SBTI_956","1.0","1.0","{54.21}","1.0","{Carrefour|Carrefour}"
"DBPedia_3749+SBTI_529","1.0",,,"1.0","{Axel Springer SE|Axel Springer SE}"
"DBPedia_321+SBTI_1991","1.0",,,"1.0","{Freshfields Bruckhaus Deringer|Freshfields Bruckhaus Deringer}"
"DBPedia_4746+Forbes_1465+SBTI_517","0.3333333333333333","0.0","{7.971|7.97}","0.6666666666666666","{Avery Dennison|Avery Dennison|Avery Dennison Corporation}"
"DBPedia_5241+SBTI_4404","1.0",,,"1.0","{Radisson Hotel Group|Radisson Hotel Group}"
"DBPedia_9520+SBTI_986","1.0","1.0","{3.7}","1.0","{Celestica|Celestica}"
"DBPedia_9618+Forbes_963+SBTI_1726","0.5","0.0","{21.169|21.17}","1.0","{Equity Residential|Equity Residential|Equity Residential}"
"DBPedia_778+SBTI_2427","1.0",,,"1.0","{Herbert Smith Freehills|Herbert Smith Freehills}"
"DBPedia_8083+Forbes_449","0.5","0.0","{104.218|82.51}","1.0","{TC Energy|TC Energy}"
"DBPedia_8463+SBTI_4193","1.0",,,"1.0","{Persimmon plc|Persimmon PLC}"
"DBPedia_3254+Forbes_1869+SBTI_4826","0.8333333333333333","1.0","{17.17}","0.6666666666666666","{Shimizu Corporation|Shimizu|Shimizu Corporation}"
"DBPedia_10212+SBTI_4883","1.0",,,"1.0","{Sika AG|Sika AG}"
"DBPedia_5154+SBTI_5211","1.0",,,"1.0","{Sysmex Corporation|SYSMEX CORPORATION}"
"DBPedia_4856+Forbes_817+SBTI_569","0.3333333333333333","0.0","{18.71|19.71}","0.6666666666666666","{Ball Corporation|Ball|Ball Corporation}"
"Forbes_1983+SBTI_5709","0.5","1.0","{4.84}","0.0","{Unity Software|Unity Software Inc}"
"DBPedia_4389+SBTI_5886","1.0","1.0","{17.266}","1.0","{Vornado Realty Trust|Vornado Realty Trust}"
"Forbes_1160+SBTI_3012","1.0","1.0","{16.57}","1.0","{Kingfisher|Kingfisher}"
"Forbes_606+SBTI_5191","1.0","1.0","{27.22}","1.0","{Swisscom|Swisscom}"
"DBPedia_1397+SBTI_6114","1.0",,,"1.0","{Zendesk|Zendesk}"
"DBPedia_5291+SBTI_6071","1.0",,,"1.0","{Yaskawa Electric Corporation|Yaskawa Electric Corporation}"
"Forbes_1690+SBTI_4684","0.5","1.0","{9.8}","0.0","{SBA Communications|SBA Communications Corporation}"
"DBPedia_8690+Forbes_583+SBTI_85","0.5","0.0","{25.056|25.06}","1.0","{Activision Blizzard|Activision Blizzard|Activision Blizzard}"
"Forbes_587+SBTI_3740","0.5","1.0","{24.17}","0.0","{Nan Ya Plastics|Nan Ya Plastics Corporation}"
"DBPedia_6342+SBTI_4820","1.0",,,"1.0","{SHI International Corp|SHI International Corp}"
"DBPedia_6864+SBTI_733","1.0",,,"1.0","{BMC Software|BMC Software}"
"DBPedia_7829+Forbes_1229+SBTI_6138","1.0","1.0","{23.46}","1.0","{Zimmer Biomet|Zimmer Biomet|Zimmer Biomet}"
"DBPedia_234+SBTI_2206","1.0","1.0","{18.784}","1.0","{Great Southern Bank|Great Southern Bank}"
"DBPedia_426+SBTI_5910","1.0","1.0","{7.828}","1.0","{Warner Music Group|Warner Music Group}"
"DBPedia_4109+Forbes_546+SBTI_3216","0.3333333333333333","0.0","{48210.0|44.99}","0.6666666666666666","{LG Electronics|LG Electronics|LG Electronics Inc.}"
"Forbes_1581+SBTI_512","1.0","1.0","{13.9}","1.0","{Avantor|Avantor}"
"DBPedia_9004+SBTI_5449","1.0","1.0","{3.42}","1.0","{THG plc|THG PLC}"
"DBPedia_7378+DBPedia_9974+Forbes_1128+SBTI_601","0.375","0.0","{11.57|6.03}","0.75","{Bath & Body Works, Inc.|Bath & Body Works|Bath & Body Works|Bath & Body Works}"
"DBPedia_5315+SBTI_3982","1.0",,,"1.0","{OCP Group|OCP Group}"
"Forbes_1730+SBTI_5298","1.0","1.0","{5.51}","1.0","{Tech Mahindra|Tech Mahindra}"
"DBPedia_5420+SBTI_5817","1.0",,,"1.0","{Vicinity Centres|Vicinity Centres}"
"DBPedia_7888+SBTI_2399","1.0","1.0","{45.9080576}","1.0","{Heineken N.V.|HEINEKEN N.V.}"
"DBPedia_2278+Forbes_1516+SBTI_774","0.5","0.0","{21.284|22.36}","1.0","{Boston Properties|Boston Properties|Boston Properties}"
"DBPedia_4536+SBTI_1779","1.0",,,"1.0","{EVBox|EVBox}"
"DBPedia_5398+Forbes_249+SBTI_2552","0.3333333333333333","0.0","{44.36|44.75}","0.6666666666666666","{Humana|Humana|Humana Inc.}"
"DBPedia_2708+SBTI_1004","1.0","1.0","{7.17}","1.0","{Ceridian|Ceridian}"
"Forbes_171+SBTI_1703","1.0","1.0","{256.25}","1.0","{ENGIE|ENGIE}"
"DBPedia_1432+SBTI_2071","1.0",,,"1.0","{GE HealthCare|GE Healthcare}"
"DBPedia_6406+Forbes_1221","0.5","0.0","{17.1|17.6}","1.0","{Vici Properties|VICI Properties}"
"DBPedia_5856+SBTI_183","1.0","1.0","{12.37684992}","1.0","{AkzoNobel|AkzoNobel}"
"Forbes_99+SBTI_4651","1.0","1.0","{136.74}","1.0","{Sanofi|SANOFI}"
"Forbes_624+SBTI_2431","1.0","1.0","{15.75}","1.0","{Hermès International|Hermès International}"
"Forbes_1016+SBTI_3194","1.0","1.0","{15.95}","1.0","{Legrand|Legrand}"
"DBPedia_10153+SBTI_2091","0.0",,,"0.0","{Genesee & Wyoming|Genesee & Wyoming Inc.}"
"DBPedia_7650+SBTI_3600","1.0",,,"1.0","{Mitie|Mitie}"
"DBPedia_4950+Forbes_1336+SBTI_1759","1.0","1.0","{18.33}","1.0","{Eurazeo|Eurazeo|Eurazeo}"
"Forbes_1155+SBTI_1368","1.0","1.0","{17.87}","1.0","{DaVita|DaVita}"
"DBPedia_688+SBTI_388","1.0",,,"1.0","{Arla Foods|Arla Foods}"
"DBPedia_7054+SBTI_2717","0.0",,,"0.0","{Intertape Polymer Group|Intertape Polymer Group Inc.}"
"DBPedia_5916+SBTI_5378","1.0","1.0","{2.841}","1.0","{The Cheesecake Factory|The Cheesecake Factory}"
"DBPedia_2277+Forbes_226+SBTI_4704","0.5","0.0","{51.25538304|62.03}","1.0","{Schneider Electric|Schneider Electric|Schneider Electric}"
"DBPedia_8193+Forbes_1086","0.5","0.0","{21.788|72.95}","1.0","{Kuwait Finance House|Kuwait Finance House}"
